"sample","chromosome","group","effect","sum_frequencies","num_positions","effect_frequency","pi"
"EntNic_aaRJ-C225","HiC_scaffold_1","Grassland","HIGH",305.67,5440166,5.61876236864831e-05,0.0162357
"EntNic_aaRJ-C225","HiC_scaffold_1","Grassland","LOW",28934.3,5440166,0.00531864285023655,0.0162357
"EntNic_aaRJ-C225","HiC_scaffold_1","Grassland","MODERATE",18172.6,5440166,0.00334044953775308,0.0162357
"EntNic_aaRJ-C225","HiC_scaffold_2","Grassland","HIGH",78.26,2727796,2.86898287115312e-05,0.00425427
"EntNic_aaRJ-C225","HiC_scaffold_2","Grassland","LOW",5636.21,2727796,0.00206621389576053,0.00425427
"EntNic_aaRJ-C225","HiC_scaffold_2","Grassland","MODERATE",3422.71,2727796,0.00125475292140615,0.00425427
"EntNic_aaRJ-C225","HiC_scaffold_3","Grassland","HIGH",194.96,3347560,5.82394340952813e-05,0.0128791
"EntNic_aaRJ-C225","HiC_scaffold_3","Grassland","LOW",17227.1,3347560,0.0051461661628171,0.0128791
"EntNic_aaRJ-C225","HiC_scaffold_3","Grassland","MODERATE",9580.16,3347560,0.00286183369379488,0.0128791
"EntNic_aaRJ-C225","HiC_scaffold_4","Grassland","HIGH",109.93,2866800,3.83458908887959e-05,0.0116231
"EntNic_aaRJ-C225","HiC_scaffold_4","Grassland","LOW",12950,2866800,0.00451723175666248,0.0116231
"EntNic_aaRJ-C225","HiC_scaffold_4","Grassland","MODERATE",5922.79,2866800,0.00206599344216548,0.0116231
"EntNic_aaRJ-C225","HiC_scaffold_5","Grassland","HIGH",174.19,3804551,4.57846405528537e-05,0.0122889
"EntNic_aaRJ-C225","HiC_scaffold_5","Grassland","LOW",18944.4,3804551,0.00497940492846593,0.0122889
"EntNic_aaRJ-C225","HiC_scaffold_5","Grassland","MODERATE",10387.2,3804551,0.00273020390579598,0.0122889
"EntNic_aaRJ-C225","HiC_scaffold_6","Grassland","HIGH",83.61,3192574,2.61888996151695e-05,0.0111757
"EntNic_aaRJ-C225","HiC_scaffold_6","Grassland","LOW",14664.6,3192574,0.00459334693573274,0.0111757
"EntNic_aaRJ-C225","HiC_scaffold_6","Grassland","MODERATE",5368.54,3192574,0.00168157104580818,0.0111757
"EntNic_aaRJ-C225","HiC_scaffold_7","Grassland","HIGH",57.06,505156,0.000112955205916588,0.0201108
"EntNic_aaRJ-C225","HiC_scaffold_7","Grassland","LOW",2383.42,505156,0.00471818606529468,0.0201108
"EntNic_aaRJ-C225","HiC_scaffold_7","Grassland","MODERATE",1850.84,505156,0.00366389788500978,0.0201108
"EntNic_aeRoe-C36","HiC_scaffold_1","Grassland","HIGH",380.83,6017251,6.32896982359553e-05,0.0167175
"EntNic_aeRoe-C36","HiC_scaffold_1","Grassland","LOW",32923,6017251,0.00547143537804888,0.0167175
"EntNic_aeRoe-C36","HiC_scaffold_1","Grassland","MODERATE",21497.6,6017251,0.0035726613365472,0.0167175
"EntNic_aeRoe-C36","HiC_scaffold_2","Grassland","HIGH",116.96,4648211,2.51623689199995e-05,0.00436509
"EntNic_aeRoe-C36","HiC_scaffold_2","Grassland","LOW",9136.56,4648211,0.00196560784353378,0.00436509
"EntNic_aeRoe-C36","HiC_scaffold_2","Grassland","MODERATE",5388.39,4648211,0.001159239543988,0.00436509
"EntNic_aeRoe-C36","HiC_scaffold_3","Grassland","HIGH",218.63,3596321,6.07926822994944e-05,0.0132769
"EntNic_aeRoe-C36","HiC_scaffold_3","Grassland","LOW",18359.2,3596321,0.00510499479885138,0.0132769
"EntNic_aeRoe-C36","HiC_scaffold_3","Grassland","MODERATE",10574,3596321,0.00294022697084048,0.0132769
"EntNic_aeRoe-C36","HiC_scaffold_4","Grassland","HIGH",116.57,3017644,3.86294738544374e-05,0.0116091
"EntNic_aeRoe-C36","HiC_scaffold_4","Grassland","LOW",13777.5,3017644,0.00456564790280099,0.0116091
"EntNic_aeRoe-C36","HiC_scaffold_4","Grassland","MODERATE",6485.87,3017644,0.00214931582386789,0.0116091
"EntNic_aeRoe-C36","HiC_scaffold_5","Grassland","HIGH",201.22,3924810,5.12687238363131e-05,0.0145955
"EntNic_aeRoe-C36","HiC_scaffold_5","Grassland","LOW",21780.8,3924810,0.00554951704668506,0.0145955
"EntNic_aeRoe-C36","HiC_scaffold_5","Grassland","MODERATE",12010.9,3924810,0.00306025005032091,0.0145955
"EntNic_aeRoe-C36","HiC_scaffold_6","Grassland","HIGH",89.81,3349355,2.68141179421112e-05,0.011313
"EntNic_aeRoe-C36","HiC_scaffold_6","Grassland","LOW",15882.8,3349355,0.00474204734941504,0.011313
"EntNic_aeRoe-C36","HiC_scaffold_6","Grassland","MODERATE",5961.07,3349355,0.00177976655206749,0.011313
"EntNic_aeRoe-C36","HiC_scaffold_7","Grassland","HIGH",71.92,585511,0.000122832875898147,0.018738
"EntNic_aeRoe-C36","HiC_scaffold_7","Grassland","LOW",2834.71,585511,0.00484142911064011,0.018738
"EntNic_aeRoe-C36","HiC_scaffold_7","Grassland","MODERATE",2355.23,585511,0.00402252049918789,0.018738
"EntNic_BIJ-C30","HiC_scaffold_1","Grassland","HIGH",362.18,5770609,6.27628730347178e-05,0.0165988
"EntNic_BIJ-C30","HiC_scaffold_1","Grassland","LOW",30544.3,5770609,0.00529308085160509,0.0165988
"EntNic_BIJ-C30","HiC_scaffold_1","Grassland","MODERATE",20196.4,5770609,0.00349987323694951,0.0165988
"EntNic_BIJ-C30","HiC_scaffold_2","Grassland","HIGH",110.1,4380784,2.51324877008316e-05,0.00377741
"EntNic_BIJ-C30","HiC_scaffold_2","Grassland","LOW",8498.52,4380784,0.00193995412693253,0.00377741
"EntNic_BIJ-C30","HiC_scaffold_2","Grassland","MODERATE",5004.96,4380784,0.0011424804327262,0.00377741
"EntNic_BIJ-C30","HiC_scaffold_3","Grassland","HIGH",216.19,3391629,6.37422312405042e-05,0.0130195
"EntNic_BIJ-C30","HiC_scaffold_3","Grassland","LOW",17317.3,3391629,0.0051058945421212,0.0130195
"EntNic_BIJ-C30","HiC_scaffold_3","Grassland","MODERATE",10114.8,3391629,0.00298228373445327,0.0130195
"EntNic_BIJ-C30","HiC_scaffold_4","Grassland","HIGH",119.95,2824957,4.24608232974874e-05,0.0117015
"EntNic_BIJ-C30","HiC_scaffold_4","Grassland","LOW",12564.9,2824957,0.00444781991371904,0.0117015
"EntNic_BIJ-C30","HiC_scaffold_4","Grassland","MODERATE",5997.95,2824957,0.00212320045933443,0.0117015
"EntNic_BIJ-C30","HiC_scaffold_5","Grassland","HIGH",204.18,3780169,5.40134581284593e-05,0.0133127
"EntNic_BIJ-C30","HiC_scaffold_5","Grassland","LOW",19426.8,3780169,0.00513913531379153,0.0133127
"EntNic_BIJ-C30","HiC_scaffold_5","Grassland","MODERATE",11203,3780169,0.00296362411310182,0.0133127
"EntNic_BIJ-C30","HiC_scaffold_6","Grassland","HIGH",90.34,3004407,3.0069161734745e-05,0.0115798
"EntNic_BIJ-C30","HiC_scaffold_6","Grassland","LOW",14037.6,3004407,0.0046723363379196,0.0115798
"EntNic_BIJ-C30","HiC_scaffold_6","Grassland","MODERATE",5360.91,3004407,0.0017843487916251,0.0115798
"EntNic_BIJ-C30","HiC_scaffold_7","Grassland","HIGH",66.68,588249,0.000113353358866738,0.0201085
"EntNic_BIJ-C30","HiC_scaffold_7","Grassland","LOW",2704.21,588249,0.00459704988873759,0.0201085
"EntNic_BIJ-C30","HiC_scaffold_7","Grassland","MODERATE",2230.83,588249,0.00379232263888251,0.0201085
"EntNic_BJJ-C34","HiC_scaffold_1","Grassland","HIGH",307.78,4804069,6.40665236073837e-05,0.0167164
"EntNic_BJJ-C34","HiC_scaffold_1","Grassland","LOW",27194,4804069,0.00566061811352002,0.0167164
"EntNic_BJJ-C34","HiC_scaffold_1","Grassland","MODERATE",17331,4804069,0.00360756683553046,0.0167164
"EntNic_BJJ-C34","HiC_scaffold_2","Grassland","HIGH",109.64,3616531,3.03163445854605e-05,0.00412964
"EntNic_BJJ-C34","HiC_scaffold_2","Grassland","LOW",7647.77,3616531,0.00211467010790174,0.00412964
"EntNic_BJJ-C34","HiC_scaffold_2","Grassland","MODERATE",4501.31,3616531,0.00124464853197719,0.00412964
"EntNic_BJJ-C34","HiC_scaffold_3","Grassland","HIGH",172.91,2886461,5.99038060794863e-05,0.0134728
"EntNic_BJJ-C34","HiC_scaffold_3","Grassland","LOW",15590.1,2886461,0.00540111229633797,0.0134728
"EntNic_BJJ-C34","HiC_scaffold_3","Grassland","MODERATE",8892.52,2886461,0.0030807691494879,0.0134728
"EntNic_BJJ-C34","HiC_scaffold_4","Grassland","HIGH",99.9,2494222,4.00525694986252e-05,0.0115009
"EntNic_BJJ-C34","HiC_scaffold_4","Grassland","LOW",11664.7,2494222,0.00467668876306921,0.0115009
"EntNic_BJJ-C34","HiC_scaffold_4","Grassland","MODERATE",5277.46,2494222,0.00211587420847062,0.0115009
"EntNic_BJJ-C34","HiC_scaffold_5","Grassland","HIGH",168.41,3224168,5.22336305056064e-05,0.0130846
"EntNic_BJJ-C34","HiC_scaffold_5","Grassland","LOW",18484.5,3224168,0.00573310695968696,0.0130846
"EntNic_BJJ-C34","HiC_scaffold_5","Grassland","MODERATE",10273.9,3224168,0.00318652750104833,0.0130846
"EntNic_BJJ-C34","HiC_scaffold_6","Grassland","HIGH",77.12,2731314,2.82354939783562e-05,0.0112488
"EntNic_BJJ-C34","HiC_scaffold_6","Grassland","LOW",12828.1,2731314,0.0046966771304947,0.0112488
"EntNic_BJJ-C34","HiC_scaffold_6","Grassland","MODERATE",4641.08,2731314,0.00169921144181885,0.0112488
"EntNic_BJJ-C34","HiC_scaffold_7","Grassland","HIGH",54.61,471798,0.000115748689057605,0.0206423
"EntNic_BJJ-C34","HiC_scaffold_7","Grassland","LOW",2348.13,471798,0.00497698167436064,0.0206423
"EntNic_BJJ-C34","HiC_scaffold_7","Grassland","MODERATE",1893.42,471798,0.00401320056464843,0.0206423
"EntNic_BRS-C268","HiC_scaffold_1","Grassland","HIGH",426.46,6067829,7.02821388012088e-05,0.0158151
"EntNic_BRS-C268","HiC_scaffold_1","Grassland","LOW",33754.3,6067829,0.00556282980288337,0.0158151
"EntNic_BRS-C268","HiC_scaffold_1","Grassland","MODERATE",22555,6067829,0.003717144962391,0.0158151
"EntNic_BRS-C268","HiC_scaffold_2","Grassland","HIGH",131.42,4668678,2.81492962247557e-05,0.00445416
"EntNic_BRS-C268","HiC_scaffold_2","Grassland","LOW",9381.59,4668678,0.00200947463071987,0.00445416
"EntNic_BRS-C268","HiC_scaffold_2","Grassland","MODERATE",5676.73,4668678,0.00121591808216373,0.00445416
"EntNic_BRS-C268","HiC_scaffold_3","Grassland","HIGH",222.75,3596674,6.19322184885258e-05,0.0123234
"EntNic_BRS-C268","HiC_scaffold_3","Grassland","LOW",18786.3,3596674,0.00522324236224912,0.0123234
"EntNic_BRS-C268","HiC_scaffold_3","Grassland","MODERATE",10973.7,3596674,0.00305106884860846,0.0123234
"EntNic_BRS-C268","HiC_scaffold_4","Grassland","HIGH",126.9,3038949,4.17578577330518e-05,0.0119787
"EntNic_BRS-C268","HiC_scaffold_4","Grassland","LOW",14255.9,3038949,0.00469106260091894,0.0119787
"EntNic_BRS-C268","HiC_scaffold_4","Grassland","MODERATE",6797.86,3038949,0.00223691151118364,0.0119787
"EntNic_BRS-C268","HiC_scaffold_5","Grassland","HIGH",209.09,4049224,5.16370544084496e-05,0.0134223
"EntNic_BRS-C268","HiC_scaffold_5","Grassland","LOW",21400.7,4049224,0.00528513611496919,0.0134223
"EntNic_BRS-C268","HiC_scaffold_5","Grassland","MODERATE",12293,4049224,0.00303589033355527,0.0134223
"EntNic_BRS-C268","HiC_scaffold_6","Grassland","HIGH",105.11,3366758,3.12199451222808e-05,0.011162
"EntNic_BRS-C268","HiC_scaffold_6","Grassland","LOW",15901.8,3366758,0.00472317879693165,0.011162
"EntNic_BRS-C268","HiC_scaffold_6","Grassland","MODERATE",6088.66,3366758,0.00180846380999169,0.011162
"EntNic_BRS-C268","HiC_scaffold_7","Grassland","HIGH",68.95,619013,0.000111386998334445,0.017577
"EntNic_BRS-C268","HiC_scaffold_7","Grassland","LOW",2958.62,619013,0.00477957651939458,0.017577
"EntNic_BRS-C268","HiC_scaffold_7","Grassland","MODERATE",2438.83,619013,0.00393986879112393,0.017577
"EntNic_DoeJ-C27","HiC_scaffold_1","Grassland","HIGH",359.06,5811615,6.17831704268091e-05,0.0161186
"EntNic_DoeJ-C27","HiC_scaffold_1","Grassland","LOW",32095.4,5811615,0.00552263011228376,0.0161186
"EntNic_DoeJ-C27","HiC_scaffold_1","Grassland","MODERATE",20816.4,5811615,0.00358186149633105,0.0161186
"EntNic_DoeJ-C27","HiC_scaffold_2","Grassland","HIGH",127.88,4703493,2.71883045217671e-05,0.00372439
"EntNic_DoeJ-C27","HiC_scaffold_2","Grassland","LOW",9129.68,4703493,0.0019410425400867,0.00372439
"EntNic_DoeJ-C27","HiC_scaffold_2","Grassland","MODERATE",5474.69,4703493,0.00116396261246695,0.00372439
"EntNic_DoeJ-C27","HiC_scaffold_3","Grassland","HIGH",209.26,3465260,6.03879651166146e-05,0.0128457
"EntNic_DoeJ-C27","HiC_scaffold_3","Grassland","LOW",17958.9,3465260,0.00518255484436954,0.0128457
"EntNic_DoeJ-C27","HiC_scaffold_3","Grassland","MODERATE",10331.9,3465260,0.00298156559680947,0.0128457
"EntNic_DoeJ-C27","HiC_scaffold_4","Grassland","HIGH",112.5,2963411,3.79630095184232e-05,0.0112029
"EntNic_DoeJ-C27","HiC_scaffold_4","Grassland","LOW",13210.8,2963411,0.00445797089907542,0.0112029
"EntNic_DoeJ-C27","HiC_scaffold_4","Grassland","MODERATE",6174.94,2963411,0.00208372716440615,0.0112029
"EntNic_DoeJ-C27","HiC_scaffold_5","Grassland","HIGH",189.67,3881533,4.88647140189198e-05,0.0127614
"EntNic_DoeJ-C27","HiC_scaffold_5","Grassland","LOW",20774.8,3881533,0.0053522152201205,0.0127614
"EntNic_DoeJ-C27","HiC_scaffold_5","Grassland","MODERATE",11524.1,3881533,0.00296895582235163,0.0127614
"EntNic_DoeJ-C27","HiC_scaffold_6","Grassland","HIGH",94.72,3322276,2.85105752803199e-05,0.0112393
"EntNic_DoeJ-C27","HiC_scaffold_6","Grassland","LOW",15255.5,3322276,0.004591882191606,0.0112393
"EntNic_DoeJ-C27","HiC_scaffold_6","Grassland","MODERATE",5728.31,3322276,0.00172421255789706,0.0112393
"EntNic_DoeJ-C27","HiC_scaffold_7","Grassland","HIGH",70.96,574662,0.000123481281170497,0.0207271
"EntNic_DoeJ-C27","HiC_scaffold_7","Grassland","LOW",2765.3,574662,0.00481204603749682,0.0207271
"EntNic_DoeJ-C27","HiC_scaffold_7","Grassland","MODERATE",2345.39,574662,0.00408133824752637,0.0207271
"EntNic_DSJ-C190","HiC_scaffold_1","Grassland","HIGH",240.12,4045248,5.93585362380749e-05,0.0148096
"EntNic_DSJ-C190","HiC_scaffold_1","Grassland","LOW",21938.1,4045248,0.00542317801034695,0.0148096
"EntNic_DSJ-C190","HiC_scaffold_1","Grassland","MODERATE",13606,4045248,0.00336345262391824,0.0148096
"EntNic_DSJ-C190","HiC_scaffold_2","Grassland","HIGH",84.68,3035056,2.79006384066719e-05,0.0037929
"EntNic_DSJ-C190","HiC_scaffold_2","Grassland","LOW",5983.9,3035056,0.00197159459331228,0.0037929
"EntNic_DSJ-C190","HiC_scaffold_2","Grassland","MODERATE",3534.64,3035056,0.00116460454106942,0.0037929
"EntNic_DSJ-C190","HiC_scaffold_3","Grassland","HIGH",135.22,2456624,5.50430183862081e-05,0.011272
"EntNic_DSJ-C190","HiC_scaffold_3","Grassland","LOW",12175.7,2456624,0.00495627332469275,0.011272
"EntNic_DSJ-C190","HiC_scaffold_3","Grassland","MODERATE",6634.83,2456624,0.00270079181836537,0.011272
"EntNic_DSJ-C190","HiC_scaffold_4","Grassland","HIGH",91.93,2240665,4.10279983844082e-05,0.0101971
"EntNic_DSJ-C190","HiC_scaffold_4","Grassland","LOW",9809.33,2240665,0.00437786549975119,0.0101971
"EntNic_DSJ-C190","HiC_scaffold_4","Grassland","MODERATE",4512,2240665,0.0020136879006902,0.0101971
"EntNic_DSJ-C190","HiC_scaffold_5","Grassland","HIGH",122.92,2785292,4.41318181361236e-05,0.0113849
"EntNic_DSJ-C190","HiC_scaffold_5","Grassland","LOW",14043.7,2785292,0.00504209253464269,0.0113849
"EntNic_DSJ-C190","HiC_scaffold_5","Grassland","MODERATE",7508.44,2785292,0.00269574608335499,0.0113849
"EntNic_DSJ-C190","HiC_scaffold_6","Grassland","HIGH",68.88,2551103,2.70000858452207e-05,0.0102286
"EntNic_DSJ-C190","HiC_scaffold_6","Grassland","LOW",11605.7,2551103,0.00454928711228045,0.0102286
"EntNic_DSJ-C190","HiC_scaffold_6","Grassland","MODERATE",4171.1,2551103,0.00163501826464866,0.0102286
"EntNic_DSJ-C190","HiC_scaffold_7","Grassland","HIGH",49.48,363082,0.000136277755438165,0.0198557
"EntNic_DSJ-C190","HiC_scaffold_7","Grassland","LOW",1700.27,363082,0.00468288155292744,0.0198557
"EntNic_DSJ-C190","HiC_scaffold_7","Grassland","MODERATE",1399.04,363082,0.0038532342556227,0.0198557
"EntNic_FHJ-C38","HiC_scaffold_1","Grassland","HIGH",367.7,5897942,6.23437802541971e-05,0.0174459
"EntNic_FHJ-C38","HiC_scaffold_1","Grassland","LOW",32301.1,5897942,0.00547667304968411,0.0174459
"EntNic_FHJ-C38","HiC_scaffold_1","Grassland","MODERATE",20730.4,5897942,0.0035148531470808,0.0174459
"EntNic_FHJ-C38","HiC_scaffold_2","Grassland","HIGH",117.35,4574434,2.56534469619629e-05,0.00480577
"EntNic_FHJ-C38","HiC_scaffold_2","Grassland","LOW",9105.18,4574434,0.00199044952883788,0.00480577
"EntNic_FHJ-C38","HiC_scaffold_2","Grassland","MODERATE",5214.86,4574434,0.00114000114549691,0.00480577
"EntNic_FHJ-C38","HiC_scaffold_3","Grassland","HIGH",204.2,3543308,5.76297629221056e-05,0.0142416
"EntNic_FHJ-C38","HiC_scaffold_3","Grassland","LOW",18245.2,3543308,0.00514919956153967,0.0142416
"EntNic_FHJ-C38","HiC_scaffold_3","Grassland","MODERATE",10409,3543308,0.00293765035385013,0.0142416
"EntNic_FHJ-C38","HiC_scaffold_4","Grassland","HIGH",144.21,3242736,4.44717053747206e-05,0.0117863
"EntNic_FHJ-C38","HiC_scaffold_4","Grassland","LOW",14136.5,3242736,0.00435943598245432,0.0117863
"EntNic_FHJ-C38","HiC_scaffold_4","Grassland","MODERATE",7034.22,3242736,0.0021692237665971,0.0117863
"EntNic_FHJ-C38","HiC_scaffold_5","Grassland","HIGH",198.61,3982778,4.98672032435652e-05,0.0145899
"EntNic_FHJ-C38","HiC_scaffold_5","Grassland","LOW",20376.3,3982778,0.00511610237879189,0.0145899
"EntNic_FHJ-C38","HiC_scaffold_5","Grassland","MODERATE",11185.2,3982778,0.00280839152973126,0.0145899
"EntNic_FHJ-C38","HiC_scaffold_6","Grassland","HIGH",92.2,3309275,2.78610873982972e-05,0.0116621
"EntNic_FHJ-C38","HiC_scaffold_6","Grassland","LOW",15449.7,3309275,0.00466860566136087,0.0116621
"EntNic_FHJ-C38","HiC_scaffold_6","Grassland","MODERATE",5773.59,3309275,0.00174466914958715,0.0116621
"EntNic_FHJ-C38","HiC_scaffold_7","Grassland","HIGH",69.32,592408,0.000117013949845377,0.0205201
"EntNic_FHJ-C38","HiC_scaffold_7","Grassland","LOW",2740.07,592408,0.00462530890872507,0.0205201
"EntNic_FHJ-C38","HiC_scaffold_7","Grassland","MODERATE",2338.15,592408,0.00394685757113341,0.0205201
"EntNic_FUR-C230","HiC_scaffold_1","Grassland","HIGH",344.11,5903359,5.82905427232191e-05,0.016406
"EntNic_FUR-C230","HiC_scaffold_1","Grassland","LOW",31589,5903359,0.00535102134225616,0.016406
"EntNic_FUR-C230","HiC_scaffold_1","Grassland","MODERATE",20129.7,5903359,0.00340987224392079,0.016406
"EntNic_FUR-C230","HiC_scaffold_2","Grassland","HIGH",115.96,4777856,2.42703003188041e-05,0.00374932
"EntNic_FUR-C230","HiC_scaffold_2","Grassland","LOW",9077.07,4777856,0.00189982075642296,0.00374932
"EntNic_FUR-C230","HiC_scaffold_2","Grassland","MODERATE",5421.28,4777856,0.00113466793473893,0.00374932
"EntNic_FUR-C230","HiC_scaffold_3","Grassland","HIGH",203.26,3604095,5.63969595696007e-05,0.0126441
"EntNic_FUR-C230","HiC_scaffold_3","Grassland","LOW",18271.9,3604095,0.0050697609247259,0.0126441
"EntNic_FUR-C230","HiC_scaffold_3","Grassland","MODERATE",10346.5,3604095,0.00287076228567782,0.0126441
"EntNic_FUR-C230","HiC_scaffold_4","Grassland","HIGH",114.95,3040957,3.78006002715592e-05,0.011077
"EntNic_FUR-C230","HiC_scaffold_4","Grassland","LOW",13634.3,3040957,0.00448355567013937,0.011077
"EntNic_FUR-C230","HiC_scaffold_4","Grassland","MODERATE",6309.32,3040957,0.00207478106398742,0.011077
"EntNic_FUR-C230","HiC_scaffold_5","Grassland","HIGH",186.67,3963760,4.7094173209276e-05,0.0137839
"EntNic_FUR-C230","HiC_scaffold_5","Grassland","LOW",21116.8,3963760,0.0053274668496579,0.0137839
"EntNic_FUR-C230","HiC_scaffold_5","Grassland","MODERATE",11657.5,3963760,0.00294102064706239,0.0137839
"EntNic_FUR-C230","HiC_scaffold_6","Grassland","HIGH",97.35,3390029,2.87165685013314e-05,0.0110649
"EntNic_FUR-C230","HiC_scaffold_6","Grassland","LOW",15472.4,3390029,0.00456409074966615,0.0110649
"EntNic_FUR-C230","HiC_scaffold_6","Grassland","MODERATE",5824.51,3390029,0.00171812984490693,0.0110649
"EntNic_FUR-C230","HiC_scaffold_7","Grassland","HIGH",59.69,585458,0.000101954367350006,0.0198316
"EntNic_FUR-C230","HiC_scaffold_7","Grassland","LOW",2674.18,585458,0.00456767180566326,0.0198316
"EntNic_FUR-C230","HiC_scaffold_7","Grassland","MODERATE",2142.03,585458,0.00365872530565813,0.0198316
"EntNic_GEJ-C42","HiC_scaffold_1","Grassland","HIGH",338.39,5262594,6.43009892079837e-05,0.0156274
"EntNic_GEJ-C42","HiC_scaffold_1","Grassland","LOW",28135.3,5262594,0.00534627980041782,0.0156274
"EntNic_GEJ-C42","HiC_scaffold_1","Grassland","MODERATE",18224.9,5262594,0.00346310203675222,0.0156274
"EntNic_GEJ-C42","HiC_scaffold_2","Grassland","HIGH",102.81,3551553,2.8947899693458e-05,0.00375055
"EntNic_GEJ-C42","HiC_scaffold_2","Grassland","LOW",6957.33,3551553,0.00195895429407924,0.00375055
"EntNic_GEJ-C42","HiC_scaffold_2","Grassland","MODERATE",3955.68,3551553,0.00111378881295028,0.00375055
"EntNic_GEJ-C42","HiC_scaffold_3","Grassland","HIGH",191.91,3166258,6.06109799011957e-05,0.0124061
"EntNic_GEJ-C42","HiC_scaffold_3","Grassland","LOW",16501.6,3166258,0.00521170416308462,0.0124061
"EntNic_GEJ-C42","HiC_scaffold_3","Grassland","MODERATE",9475.92,3166258,0.00299278201586857,0.0124061
"EntNic_GEJ-C42","HiC_scaffold_4","Grassland","HIGH",110.18,2754696,3.9997153950926e-05,0.0109628
"EntNic_GEJ-C42","HiC_scaffold_4","Grassland","LOW",12132.8,2754696,0.00440440614862765,0.0109628
"EntNic_GEJ-C42","HiC_scaffold_4","Grassland","MODERATE",5523.29,2754696,0.00200504520281004,0.0109628
"EntNic_GEJ-C42","HiC_scaffold_5","Grassland","HIGH",163.64,3572887,4.58004969090822e-05,0.0125323
"EntNic_GEJ-C42","HiC_scaffold_5","Grassland","LOW",18329.2,3572887,0.00513008108009013,0.0125323
"EntNic_GEJ-C42","HiC_scaffold_5","Grassland","MODERATE",10268,3572887,0.0028738664279055,0.0125323
"EntNic_GEJ-C42","HiC_scaffold_6","Grassland","HIGH",90.37,3075696,2.93819675286504e-05,0.0111623
"EntNic_GEJ-C42","HiC_scaffold_6","Grassland","LOW",14202.6,3075696,0.00461768653338952,0.0111623
"EntNic_GEJ-C42","HiC_scaffold_6","Grassland","MODERATE",5183.74,3075696,0.00168538763258788,0.0111623
"EntNic_GEJ-C42","HiC_scaffold_7","Grassland","HIGH",62.54,489311,0.000127812372908028,0.0203778
"EntNic_GEJ-C42","HiC_scaffold_7","Grassland","LOW",2397.67,489311,0.00490009421410923,0.0203778
"EntNic_GEJ-C42","HiC_scaffold_7","Grassland","MODERATE",1907.21,489311,0.00389774601429357,0.0203778
"EntNic_GoeJ-C19","HiC_scaffold_1","Grassland","HIGH",259.96,4663193,5.57472101197613e-05,0.0160876
"EntNic_GoeJ-C19","HiC_scaffold_1","Grassland","LOW",24447.7,4663193,0.00524269529483339,0.0160876
"EntNic_GoeJ-C19","HiC_scaffold_1","Grassland","MODERATE",15164.8,4663193,0.00325202066481057,0.0160876
"EntNic_GoeJ-C19","HiC_scaffold_2","Grassland","HIGH",95.19,3669247,2.59426525387907e-05,0.00466035
"EntNic_GoeJ-C19","HiC_scaffold_2","Grassland","LOW",7294.92,3669247,0.00198812453890403,0.00466035
"EntNic_GoeJ-C19","HiC_scaffold_2","Grassland","MODERATE",4167.71,3669247,0.00113584885400192,0.00466035
"EntNic_GoeJ-C19","HiC_scaffold_3","Grassland","HIGH",156.26,2830372,5.52082906416542e-05,0.0129652
"EntNic_GoeJ-C19","HiC_scaffold_3","Grassland","LOW",14238.7,2830372,0.00503068147932498,0.0129652
"EntNic_GoeJ-C19","HiC_scaffold_3","Grassland","MODERATE",7824.1,2830372,0.00276433627805815,0.0129652
"EntNic_GoeJ-C19","HiC_scaffold_4","Grassland","HIGH",102.99,2541786,4.05187533490231e-05,0.0115718
"EntNic_GoeJ-C19","HiC_scaffold_4","Grassland","LOW",11176.3,2541786,0.00439702634289433,0.0115718
"EntNic_GoeJ-C19","HiC_scaffold_4","Grassland","MODERATE",5133.24,2541786,0.00201954059074997,0.0115718
"EntNic_GoeJ-C19","HiC_scaffold_5","Grassland","HIGH",144.59,3199420,4.51925661526152e-05,0.0124234
"EntNic_GoeJ-C19","HiC_scaffold_5","Grassland","LOW",16213.6,3199420,0.00506766851491833,0.0124234
"EntNic_GoeJ-C19","HiC_scaffold_5","Grassland","MODERATE",8621.4,3199420,0.00269467591000869,0.0124234
"EntNic_GoeJ-C19","HiC_scaffold_6","Grassland","HIGH",68.47,2808911,2.43759948250407e-05,0.011193
"EntNic_GoeJ-C19","HiC_scaffold_6","Grassland","LOW",12948.2,2808911,0.00460968681456977,0.011193
"EntNic_GoeJ-C19","HiC_scaffold_6","Grassland","MODERATE",4578.17,2808911,0.00162987364142189,0.011193
"EntNic_GoeJ-C19","HiC_scaffold_7","Grassland","HIGH",50.66,448362,0.000112989057948711,0.0208836
"EntNic_GoeJ-C19","HiC_scaffold_7","Grassland","LOW",2126.42,448362,0.00474264099098496,0.0208836
"EntNic_GoeJ-C19","HiC_scaffold_7","Grassland","MODERATE",1739.48,448362,0.00387963297514062,0.0208836
"EntNic_GSJ-C274","HiC_scaffold_1","Grassland","HIGH",322.9,5437676,5.93819859807756e-05,0.0162289
"EntNic_GSJ-C274","HiC_scaffold_1","Grassland","LOW",28847.9,5437676,0.0053051892021518,0.0162289
"EntNic_GSJ-C274","HiC_scaffold_1","Grassland","MODERATE",18432.2,5437676,0.0033897201672185,0.0162289
"EntNic_GSJ-C274","HiC_scaffold_2","Grassland","HIGH",104.39,3514412,2.97034041540946e-05,0.00441322
"EntNic_GSJ-C274","HiC_scaffold_2","Grassland","LOW",6985.66,3514412,0.0019877180023287,0.00441322
"EntNic_GSJ-C274","HiC_scaffold_2","Grassland","MODERATE",4080.11,3514412,0.00116096519133215,0.00441322
"EntNic_GSJ-C274","HiC_scaffold_3","Grassland","HIGH",190.76,3290688,5.79696403913103e-05,0.0130582
"EntNic_GSJ-C274","HiC_scaffold_3","Grassland","LOW",16525.1,3290688,0.00502177660112414,0.0130582
"EntNic_GSJ-C274","HiC_scaffold_3","Grassland","MODERATE",9448.01,3290688,0.00287113515471537,0.0130582
"EntNic_GSJ-C274","HiC_scaffold_4","Grassland","HIGH",103.3,2793659,3.6976595926704e-05,0.0115487
"EntNic_GSJ-C274","HiC_scaffold_4","Grassland","LOW",12367.8,2793659,0.00442709722267464,0.0115487
"EntNic_GSJ-C274","HiC_scaffold_4","Grassland","MODERATE",5579.69,2793659,0.00199726953074803,0.0115487
"EntNic_GSJ-C274","HiC_scaffold_5","Grassland","HIGH",169.02,3662995,4.6142569127176e-05,0.0137579
"EntNic_GSJ-C274","HiC_scaffold_5","Grassland","LOW",19101.1,3662995,0.00521461263255888,0.0137579
"EntNic_GSJ-C274","HiC_scaffold_5","Grassland","MODERATE",10439.1,3662995,0.00284988103996866,0.0137579
"EntNic_GSJ-C274","HiC_scaffold_6","Grassland","HIGH",84.04,3070718,2.73681920645269e-05,0.0115363
"EntNic_GSJ-C274","HiC_scaffold_6","Grassland","LOW",14190.5,3070718,0.00462123190732591,0.0115363
"EntNic_GSJ-C274","HiC_scaffold_6","Grassland","MODERATE",5118.26,3070718,0.00166679584383848,0.0115363
"EntNic_GSJ-C274","HiC_scaffold_7","Grassland","HIGH",52.72,512317,0.000102905037310884,0.0203182
"EntNic_GSJ-C274","HiC_scaffold_7","Grassland","LOW",2510.39,512317,0.00490007163533515,0.0203182
"EntNic_GSJ-C274","HiC_scaffold_7","Grassland","MODERATE",2016.8,512317,0.00393662517542849,0.0203182
"EntNic_GUS-C41","HiC_scaffold_1","Grassland","HIGH",380.28,5585290,6.80859901634472e-05,0.0166183
"EntNic_GUS-C41","HiC_scaffold_1","Grassland","LOW",30620.2,5585290,0.00548229366783103,0.0166183
"EntNic_GUS-C41","HiC_scaffold_1","Grassland","MODERATE",20625.4,5585290,0.00369280735646672,0.0166183
"EntNic_GUS-C41","HiC_scaffold_2","Grassland","HIGH",114.44,4507581,2.53883402206194e-05,0.00395079
"EntNic_GUS-C41","HiC_scaffold_2","Grassland","LOW",8287.67,4507581,0.00183860700451085,0.00395079
"EntNic_GUS-C41","HiC_scaffold_2","Grassland","MODERATE",5122.39,4507581,0.0011363944430505,0.00395079
"EntNic_GUS-C41","HiC_scaffold_3","Grassland","HIGH",219.92,3280831,6.703179773661e-05,0.0136215
"EntNic_GUS-C41","HiC_scaffold_3","Grassland","LOW",17109.4,3280831,0.00521495925879754,0.0136215
"EntNic_GUS-C41","HiC_scaffold_3","Grassland","MODERATE",10310.7,3280831,0.00314270988051503,0.0136215
"EntNic_GUS-C41","HiC_scaffold_4","Grassland","HIGH",139.96,2836702,4.93389859068736e-05,0.0116115
"EntNic_GUS-C41","HiC_scaffold_4","Grassland","LOW",12622.8,2836702,0.0044498153136988,0.0116115
"EntNic_GUS-C41","HiC_scaffold_4","Grassland","MODERATE",6570.14,2836702,0.00231611921167609,0.0116115
"EntNic_GUS-C41","HiC_scaffold_5","Grassland","HIGH",194.27,3584175,5.42021525176645e-05,0.0135801
"EntNic_GUS-C41","HiC_scaffold_5","Grassland","LOW",19518.3,3584175,0.00544568833832053,0.0135801
"EntNic_GUS-C41","HiC_scaffold_5","Grassland","MODERATE",11034.7,3584175,0.0030787280196977,0.0135801
"EntNic_GUS-C41","HiC_scaffold_6","Grassland","HIGH",85.38,2830444,3.01648787257406e-05,0.0116783
"EntNic_GUS-C41","HiC_scaffold_6","Grassland","LOW",13418.2,2830444,0.00474066966172092,0.0116783
"EntNic_GUS-C41","HiC_scaffold_6","Grassland","MODERATE",5363.11,2830444,0.0018947945975967,0.0116783
"EntNic_GUS-C41","HiC_scaffold_7","Grassland","HIGH",73.7,579556,0.000127166313522766,0.0182133
"EntNic_GUS-C41","HiC_scaffold_7","Grassland","LOW",2757.12,579556,0.00475729696526306,0.0182133
"EntNic_GUS-C41","HiC_scaffold_7","Grassland","MODERATE",2304.34,579556,0.00397604373002781,0.0182133
"EntNic_HHJ-C162","HiC_scaffold_1","Grassland","HIGH",204.17,3388762,6.02491411317761e-05,0.0155265
"EntNic_HHJ-C162","HiC_scaffold_1","Grassland","LOW",18012.2,3388762,0.00531527442765234,0.0155265
"EntNic_HHJ-C162","HiC_scaffold_1","Grassland","MODERATE",11419.9,3388762,0.00336993273649787,0.0155265
"EntNic_HHJ-C162","HiC_scaffold_2","Grassland","HIGH",66.04,2039526,3.23800726247177e-05,0.00476313
"EntNic_HHJ-C162","HiC_scaffold_2","Grassland","LOW",4348.1,2039526,0.0021319169257955,0.00476313
"EntNic_HHJ-C162","HiC_scaffold_2","Grassland","MODERATE",2737.44,2039526,0.00134219421571483,0.00476313
"EntNic_HHJ-C162","HiC_scaffold_3","Grassland","HIGH",126.12,2063973,6.11054505073468e-05,0.011914
"EntNic_HHJ-C162","HiC_scaffold_3","Grassland","LOW",10059.1,2063973,0.00487365871549676,0.011914
"EntNic_HHJ-C162","HiC_scaffold_3","Grassland","MODERATE",5719.55,2063973,0.00277113605652787,0.011914
"EntNic_HHJ-C162","HiC_scaffold_4","Grassland","HIGH",96.85,1902053,5.09186652527558e-05,0.0108984
"EntNic_HHJ-C162","HiC_scaffold_4","Grassland","LOW",8060.79,1902053,0.00423794184494333,0.0108984
"EntNic_HHJ-C162","HiC_scaffold_4","Grassland","MODERATE",4049.74,1902053,0.00212914151182959,0.0108984
"EntNic_HHJ-C162","HiC_scaffold_5","Grassland","HIGH",110.29,2303282,4.78838457470687e-05,0.0128096
"EntNic_HHJ-C162","HiC_scaffold_5","Grassland","LOW",11474.5,2303282,0.00498180422544873,0.0128096
"EntNic_HHJ-C162","HiC_scaffold_5","Grassland","MODERATE",6288.16,2303282,0.0027300868933982,0.0128096
"EntNic_HHJ-C162","HiC_scaffold_6","Grassland","HIGH",60.69,1891790,3.20807277763388e-05,0.0107495
"EntNic_HHJ-C162","HiC_scaffold_6","Grassland","LOW",8629.53,1891790,0.00456156867305568,0.0107495
"EntNic_HHJ-C162","HiC_scaffold_6","Grassland","MODERATE",3126.33,1891790,0.00165257771739992,0.0107495
"EntNic_HHJ-C162","HiC_scaffold_7","Grassland","HIGH",43.54,362755,0.000120025912806164,0.0171268
"EntNic_HHJ-C162","HiC_scaffold_7","Grassland","LOW",1615.33,362755,0.00445295033838266,0.0171268
"EntNic_HHJ-C162","HiC_scaffold_7","Grassland","MODERATE",1318.64,362755,0.00363507050212954,0.0171268
"EntNic_JEJ-C119","HiC_scaffold_1","Grassland","HIGH",72.29,639300,0.000113076802753011,0.0249338
"EntNic_JEJ-C119","HiC_scaffold_1","Grassland","LOW",3911.02,639300,0.00611765994055999,0.0249338
"EntNic_JEJ-C119","HiC_scaffold_1","Grassland","MODERATE",2760.2,639300,0.00431753480369154,0.0249338
"EntNic_JEJ-C119","HiC_scaffold_2","Grassland","HIGH",35.53,257890,0.000137771918259723,0.0282893
"EntNic_JEJ-C119","HiC_scaffold_2","Grassland","LOW",1541.12,257890,0.0059758811896545,0.0282893
"EntNic_JEJ-C119","HiC_scaffold_2","Grassland","MODERATE",1320.03,257890,0.00511857768816162,0.0282893
"EntNic_JEJ-C119","HiC_scaffold_3","Grassland","HIGH",41.77,399479,0.000104561190951214,0.0248655
"EntNic_JEJ-C119","HiC_scaffold_3","Grassland","LOW",2280.58,399479,0.00570888582378548,0.0248655
"EntNic_JEJ-C119","HiC_scaffold_3","Grassland","MODERATE",1717.84,399479,0.00430020101181789,0.0248655
"EntNic_JEJ-C119","HiC_scaffold_4","Grassland","HIGH",29.35,195896,0.000149824396618614,0.0204995
"EntNic_JEJ-C119","HiC_scaffold_4","Grassland","LOW",1198.19,195896,0.00611645975415527,0.0204995
"EntNic_JEJ-C119","HiC_scaffold_4","Grassland","MODERATE",816.19,195896,0.00416644546085678,0.0204995
"EntNic_JEJ-C119","HiC_scaffold_5","Grassland","HIGH",32.97,297013,0.000111005242194786,0.0266081
"EntNic_JEJ-C119","HiC_scaffold_5","Grassland","LOW",1878.56,297013,0.00632484100022558,0.0266081
"EntNic_JEJ-C119","HiC_scaffold_5","Grassland","MODERATE",1309.01,297013,0.00440724816758862,0.0266081
"EntNic_JEJ-C119","HiC_scaffold_6","Grassland","HIGH",16.39,137643,0.000119076160792776,0.0253082
"EntNic_JEJ-C119","HiC_scaffold_6","Grassland","LOW",824.49,137643,0.0059900612453957,0.0253082
"EntNic_JEJ-C119","HiC_scaffold_6","Grassland","MODERATE",510.71,137643,0.0037103957338913,0.0253082
"EntNic_JEJ-C119","HiC_scaffold_7","Grassland","HIGH",29.43,200432,0.000146832841063303,0.0214801
"EntNic_JEJ-C119","HiC_scaffold_7","Grassland","LOW",937.12,200432,0.00467550091801708,0.0214801
"EntNic_JEJ-C119","HiC_scaffold_7","Grassland","MODERATE",850.9,200432,0.00424533008701205,0.0214801
"EntNic_JHJ-C220","HiC_scaffold_1","Grassland","HIGH",374.03,6050906,6.18138837390632e-05,0.0164864
"EntNic_JHJ-C220","HiC_scaffold_1","Grassland","LOW",31718.9,6050906,0.00524200838684323,0.0164864
"EntNic_JHJ-C220","HiC_scaffold_1","Grassland","MODERATE",20488.2,6050906,0.00338597228249786,0.0164864
"EntNic_JHJ-C220","HiC_scaffold_2","Grassland","HIGH",111.63,4748863,2.35066793883083e-05,0.00379512
"EntNic_JHJ-C220","HiC_scaffold_2","Grassland","LOW",8544.36,4748863,0.00179924331361002,0.00379512
"EntNic_JHJ-C220","HiC_scaffold_2","Grassland","MODERATE",5037.92,4748863,0.00106086867530186,0.00379512
"EntNic_JHJ-C220","HiC_scaffold_3","Grassland","HIGH",209.69,3696794,5.67221219251059e-05,0.0126212
"EntNic_JHJ-C220","HiC_scaffold_3","Grassland","LOW",18043.7,3696794,0.00488090491382533,0.0126212
"EntNic_JHJ-C220","HiC_scaffold_3","Grassland","MODERATE",10368.9,3696794,0.00280483575768625,0.0126212
"EntNic_JHJ-C220","HiC_scaffold_4","Grassland","HIGH",125.47,3083886,4.06856803396753e-05,0.0116451
"EntNic_JHJ-C220","HiC_scaffold_4","Grassland","LOW",13589.8,3083886,0.00440671282920315,0.0116451
"EntNic_JHJ-C220","HiC_scaffold_4","Grassland","MODERATE",6353.78,3083886,0.00206031610766416,0.0116451
"EntNic_JHJ-C220","HiC_scaffold_5","Grassland","HIGH",199.27,3993355,4.99003970345737e-05,0.0132632
"EntNic_JHJ-C220","HiC_scaffold_5","Grassland","LOW",21130.3,3993355,0.00529136528057235,0.0132632
"EntNic_JHJ-C220","HiC_scaffold_5","Grassland","MODERATE",11592.3,3993355,0.00290289743836949,0.0132632
"EntNic_JHJ-C220","HiC_scaffold_6","Grassland","HIGH",94.05,3360831,2.79841503485299e-05,0.0112817
"EntNic_JHJ-C220","HiC_scaffold_6","Grassland","LOW",15579.2,3360831,0.00463552020318784,0.0112817
"EntNic_JHJ-C220","HiC_scaffold_6","Grassland","MODERATE",5831.32,3360831,0.00173508278160967,0.0112817
"EntNic_JHJ-C220","HiC_scaffold_7","Grassland","HIGH",69.77,634545,0.000109952800825789,0.0191463
"EntNic_JHJ-C220","HiC_scaffold_7","Grassland","LOW",2837.19,634545,0.00447121953525755,0.0191463
"EntNic_JHJ-C220","HiC_scaffold_7","Grassland","MODERATE",2388.81,634545,0.00376460298323996,0.0191463
"EntNic_JoeJ-C252","HiC_scaffold_1","Grassland","HIGH",347.68,5767613,6.02814370520352e-05,0.0172247
"EntNic_JoeJ-C252","HiC_scaffold_1","Grassland","LOW",32573.1,5767613,0.00564758765888072,0.0172247
"EntNic_JoeJ-C252","HiC_scaffold_1","Grassland","MODERATE",20898.4,5767613,0.00362340538451522,0.0172247
"EntNic_JoeJ-C252","HiC_scaffold_2","Grassland","HIGH",126.29,4504794,2.80345782737235e-05,0.00455788
"EntNic_JoeJ-C252","HiC_scaffold_2","Grassland","LOW",9208.2,4504794,0.00204408903048619,0.00455788
"EntNic_JoeJ-C252","HiC_scaffold_2","Grassland","MODERATE",5401.24,4504794,0.00119899822278222,0.00455788
"EntNic_JoeJ-C252","HiC_scaffold_3","Grassland","HIGH",209.93,3473081,6.04448902861753e-05,0.0140915
"EntNic_JoeJ-C252","HiC_scaffold_3","Grassland","LOW",18211.4,3473081,0.00524358631428406,0.0140915
"EntNic_JoeJ-C252","HiC_scaffold_3","Grassland","MODERATE",10315.3,3473081,0.00297007181807738,0.0140915
"EntNic_JoeJ-C252","HiC_scaffold_4","Grassland","HIGH",139.47,3195345,4.36478690094497e-05,0.0119029
"EntNic_JoeJ-C252","HiC_scaffold_4","Grassland","LOW",13843.2,3195345,0.00433230214577769,0.0119029
"EntNic_JoeJ-C252","HiC_scaffold_4","Grassland","MODERATE",6804.28,3195345,0.00212943516271326,0.0119029
"EntNic_JoeJ-C252","HiC_scaffold_5","Grassland","HIGH",193.66,3876887,4.99524489622731e-05,0.0140531
"EntNic_JoeJ-C252","HiC_scaffold_5","Grassland","LOW",21709.5,3876887,0.00559972472759717,0.0140531
"EntNic_JoeJ-C252","HiC_scaffold_5","Grassland","MODERATE",11933.9,3876887,0.00307821713658407,0.0140531
"EntNic_JoeJ-C252","HiC_scaffold_6","Grassland","HIGH",93.66,3293964,2.84338262348951e-05,0.0116662
"EntNic_JoeJ-C252","HiC_scaffold_6","Grassland","LOW",15443,3293964,0.00468827224584118,0.0116662
"EntNic_JoeJ-C252","HiC_scaffold_6","Grassland","MODERATE",5726.57,3293964,0.00173850412451381,0.0116662
"EntNic_JoeJ-C252","HiC_scaffold_7","Grassland","HIGH",64.8,550288,0.000117756520222138,0.0218579
"EntNic_JoeJ-C252","HiC_scaffold_7","Grassland","LOW",2610.02,550288,0.00474300729799669,0.0218579
"EntNic_JoeJ-C252","HiC_scaffold_7","Grassland","MODERATE",2156.49,550288,0.00391883886255924,0.0218579
"EntNic_KLJ-C127","HiC_scaffold_1","Grassland","HIGH",312.56,5090389,6.14019871565808e-05,0.0163607
"EntNic_KLJ-C127","HiC_scaffold_1","Grassland","LOW",27748.9,5090389,0.00545123368764155,0.0163607
"EntNic_KLJ-C127","HiC_scaffold_1","Grassland","MODERATE",17859.3,5090389,0.00350843520996136,0.0163607
"EntNic_KLJ-C127","HiC_scaffold_2","Grassland","HIGH",117.04,3776014,3.09956477915601e-05,0.00427031
"EntNic_KLJ-C127","HiC_scaffold_2","Grassland","LOW",7704.51,3776014,0.0020403817358728,0.00427031
"EntNic_KLJ-C127","HiC_scaffold_2","Grassland","MODERATE",4594.25,3776014,0.00121669305251517,0.00427031
"EntNic_KLJ-C127","HiC_scaffold_3","Grassland","HIGH",188.94,3082774,6.12889559857453e-05,0.0133918
"EntNic_KLJ-C127","HiC_scaffold_3","Grassland","LOW",16180.3,3082774,0.00524861699235818,0.0133918
"EntNic_KLJ-C127","HiC_scaffold_3","Grassland","MODERATE",9205.57,3082774,0.00298613197075102,0.0133918
"EntNic_KLJ-C127","HiC_scaffold_4","Grassland","HIGH",114.09,2633931,4.33154854853829e-05,0.0116465
"EntNic_KLJ-C127","HiC_scaffold_4","Grassland","LOW",11956.1,2633931,0.00453926089939334,0.0116465
"EntNic_KLJ-C127","HiC_scaffold_4","Grassland","MODERATE",5455.25,2633931,0.00207114385304702,0.0116465
"EntNic_KLJ-C127","HiC_scaffold_5","Grassland","HIGH",171.1,3476043,4.92226361986891e-05,0.0130911
"EntNic_KLJ-C127","HiC_scaffold_5","Grassland","LOW",18655.3,3476043,0.00536682083622096,0.0130911
"EntNic_KLJ-C127","HiC_scaffold_5","Grassland","MODERATE",10306.4,3476043,0.00296498058280637,0.0130911
"EntNic_KLJ-C127","HiC_scaffold_6","Grassland","HIGH",85.78,2896287,2.96172306128502e-05,0.0115117
"EntNic_KLJ-C127","HiC_scaffold_6","Grassland","LOW",13766.3,2896287,0.00475308558854837,0.0115117
"EntNic_KLJ-C127","HiC_scaffold_6","Grassland","MODERATE",5014.56,2896287,0.00173137537819974,0.0115117
"EntNic_KLJ-C127","HiC_scaffold_7","Grassland","HIGH",60.32,479923,0.000125686828928807,0.0224641
"EntNic_KLJ-C127","HiC_scaffold_7","Grassland","LOW",2452.56,479923,0.00511031978046478,0.0224641
"EntNic_KLJ-C127","HiC_scaffold_7","Grassland","MODERATE",1969.91,479923,0.00410463761895137,0.0224641
"EntNic_KoeJ-C212","HiC_scaffold_1","Grassland","HIGH",52.31,485514,0.000107741486342309,0.0259573
"EntNic_KoeJ-C212","HiC_scaffold_1","Grassland","LOW",2899.03,485514,0.00597105335788463,0.0259573
"EntNic_KoeJ-C212","HiC_scaffold_1","Grassland","MODERATE",1895,485514,0.00390308003476728,0.0259573
"EntNic_KoeJ-C212","HiC_scaffold_2","Grassland","HIGH",26.57,218310,0.000121707663414411,0.0249247
"EntNic_KoeJ-C212","HiC_scaffold_2","Grassland","LOW",1192.19,218310,0.00546099583161559,0.0249247
"EntNic_KoeJ-C212","HiC_scaffold_2","Grassland","MODERATE",942.86,218310,0.00431890431038432,0.0249247
"EntNic_KoeJ-C212","HiC_scaffold_3","Grassland","HIGH",29.09,298202,9.75513242701256e-05,0.0225511
"EntNic_KoeJ-C212","HiC_scaffold_3","Grassland","LOW",1669.29,298202,0.00559784977967955,0.0225511
"EntNic_KoeJ-C212","HiC_scaffold_3","Grassland","MODERATE",1146.84,298202,0.00384584945775012,0.0225511
"EntNic_KoeJ-C212","HiC_scaffold_4","Grassland","HIGH",25.01,197019,0.000126942071576853,0.0213544
"EntNic_KoeJ-C212","HiC_scaffold_4","Grassland","LOW",1101.72,197019,0.00559194798471213,0.0213544
"EntNic_KoeJ-C212","HiC_scaffold_4","Grassland","MODERATE",754.32,197019,0.00382866627076576,0.0213544
"EntNic_KoeJ-C212","HiC_scaffold_5","Grassland","HIGH",20.58,229122,8.98211433210255e-05,0.0252117
"EntNic_KoeJ-C212","HiC_scaffold_5","Grassland","LOW",1371.93,229122,0.00598777070730877,0.0252117
"EntNic_KoeJ-C212","HiC_scaffold_5","Grassland","MODERATE",845.88,229122,0.0036918322989499,0.0252117
"EntNic_KoeJ-C212","HiC_scaffold_6","Grassland","HIGH",12.07,142169,8.48989582820446e-05,0.0249904
"EntNic_KoeJ-C212","HiC_scaffold_6","Grassland","LOW",773.03,142169,0.00543740196526669,0.0249904
"EntNic_KoeJ-C212","HiC_scaffold_6","Grassland","MODERATE",456.88,142169,0.00321364010438281,0.0249904
"EntNic_KoeJ-C212","HiC_scaffold_7","Grassland","HIGH",19.93,130919,0.000152231532474278,0.0184216
"EntNic_KoeJ-C212","HiC_scaffold_7","Grassland","LOW",578.37,130919,0.00441776976603854,0.0184216
"EntNic_KoeJ-C212","HiC_scaffold_7","Grassland","MODERATE",525.97,130919,0.0040175222847715,0.0184216
"EntNic_LEJ-C64","HiC_scaffold_1","Grassland","HIGH",387.15,5983348,6.47045767687255e-05,0.0167757
"EntNic_LEJ-C64","HiC_scaffold_1","Grassland","LOW",32736.8,5983348,0.00547131806473566,0.0167757
"EntNic_LEJ-C64","HiC_scaffold_1","Grassland","MODERATE",21605.9,5983348,0.00361100507608784,0.0167757
"EntNic_LEJ-C64","HiC_scaffold_2","Grassland","HIGH",130.17,4669953,2.78739422002748e-05,0.00382224
"EntNic_LEJ-C64","HiC_scaffold_2","Grassland","LOW",9213.85,4669953,0.00197300700884998,0.00382224
"EntNic_LEJ-C64","HiC_scaffold_2","Grassland","MODERATE",5544.17,4669953,0.00118720038510024,0.00382224
"EntNic_LEJ-C64","HiC_scaffold_3","Grassland","HIGH",221.17,3588648,6.16304524712371e-05,0.013255
"EntNic_LEJ-C64","HiC_scaffold_3","Grassland","LOW",18747.2,3588648,0.00522402865926109,0.013255
"EntNic_LEJ-C64","HiC_scaffold_3","Grassland","MODERATE",10983.1,3588648,0.00306051192538248,0.013255
"EntNic_LEJ-C64","HiC_scaffold_4","Grassland","HIGH",121.49,3014928,4.02961530092924e-05,0.0117038
"EntNic_LEJ-C64","HiC_scaffold_4","Grassland","LOW",13784.2,3014928,0.0045719831452028,0.0117038
"EntNic_LEJ-C64","HiC_scaffold_4","Grassland","MODERATE",6510.5,3014928,0.00215942138585067,0.0117038
"EntNic_LEJ-C64","HiC_scaffold_5","Grassland","HIGH",197.07,3903927,5.04799398144484e-05,0.013264
"EntNic_LEJ-C64","HiC_scaffold_5","Grassland","LOW",22073.2,3903927,0.00565410162638799,0.013264
"EntNic_LEJ-C64","HiC_scaffold_5","Grassland","MODERATE",12421.4,3903927,0.00318177056077124,0.013264
"EntNic_LEJ-C64","HiC_scaffold_6","Grassland","HIGH",99.07,3344582,2.96210408355962e-05,0.0113891
"EntNic_LEJ-C64","HiC_scaffold_6","Grassland","LOW",15344.8,3344582,0.0045879574786924,0.0113891
"EntNic_LEJ-C64","HiC_scaffold_6","Grassland","MODERATE",5885,3344582,0.00175956218146244,0.0113891
"EntNic_LEJ-C64","HiC_scaffold_7","Grassland","HIGH",68.97,598701,0.000115199406715539,0.0198937
"EntNic_LEJ-C64","HiC_scaffold_7","Grassland","LOW",2836.93,598701,0.00473847546605067,0.0198937
"EntNic_LEJ-C64","HiC_scaffold_7","Grassland","MODERATE",2285.06,598701,0.00381669648121516,0.0198937
"EntNic_LVJ-C76","HiC_scaffold_1","Grassland","HIGH",310.87,3502744,8.8750419670978e-05,0.0191811
"EntNic_LVJ-C76","HiC_scaffold_1","Grassland","LOW",19064.3,3502744,0.00544267579931619,0.0191811
"EntNic_LVJ-C76","HiC_scaffold_1","Grassland","MODERATE",14364.7,3502744,0.00410098482789493,0.0191811
"EntNic_LVJ-C76","HiC_scaffold_2","Grassland","HIGH",108.78,2551557,4.26327924479053e-05,0.00513001
"EntNic_LVJ-C76","HiC_scaffold_2","Grassland","LOW",5573.89,2551557,0.00218450538239984,0.00513001
"EntNic_LVJ-C76","HiC_scaffold_2","Grassland","MODERATE",3882,2551557,0.00152142397759486,0.00513001
"EntNic_LVJ-C76","HiC_scaffold_3","Grassland","HIGH",175.73,2088193,8.41540987830148e-05,0.0166011
"EntNic_LVJ-C76","HiC_scaffold_3","Grassland","LOW",10943.6,2088193,0.00524070332579412,0.0166011
"EntNic_LVJ-C76","HiC_scaffold_3","Grassland","MODERATE",7591,2088193,0.0036352003861712,0.0166011
"EntNic_LVJ-C76","HiC_scaffold_4","Grassland","HIGH",118.8,1521920,7.80592935239697e-05,0.0132587
"EntNic_LVJ-C76","HiC_scaffold_4","Grassland","LOW",6563,1521920,0.00431231602186711,0.0132587
"EntNic_LVJ-C76","HiC_scaffold_4","Grassland","MODERATE",4073.12,1521920,0.00267630361648444,0.0132587
"EntNic_LVJ-C76","HiC_scaffold_5","Grassland","HIGH",135.37,2005636,6.74947996545734e-05,0.0161406
"EntNic_LVJ-C76","HiC_scaffold_5","Grassland","LOW",11271.3,2005636,0.0056198133659348,0.0161406
"EntNic_LVJ-C76","HiC_scaffold_5","Grassland","MODERATE",7033.47,2005636,0.00350685268912205,0.0161406
"EntNic_LVJ-C76","HiC_scaffold_6","Grassland","HIGH",59.32,1076083,5.5125859250634e-05,0.0152583
"EntNic_LVJ-C76","HiC_scaffold_6","Grassland","LOW",5498.67,1076083,0.00510989393940802,0.0152583
"EntNic_LVJ-C76","HiC_scaffold_6","Grassland","MODERATE",2679.02,1076083,0.00248960349712801,0.0152583
"EntNic_LVJ-C76","HiC_scaffold_7","Grassland","HIGH",75.04,584012,0.000128490510468963,0.0196295
"EntNic_LVJ-C76","HiC_scaffold_7","Grassland","LOW",2609.96,584012,0.00446901775990904,0.0196295
"EntNic_LVJ-C76","HiC_scaffold_7","Grassland","MODERATE",2279.37,584012,0.00390295062430224,0.0196295
"EntNic_MSJ-C2","HiC_scaffold_1","Grassland","HIGH",306.28,5349823,5.72504922125461e-05,0.0158605
"EntNic_MSJ-C2","HiC_scaffold_1","Grassland","LOW",27214.7,5349823,0.00508702811289271,0.0158605
"EntNic_MSJ-C2","HiC_scaffold_1","Grassland","MODERATE",17301.5,5349823,0.00323403222872981,0.0158605
"EntNic_MSJ-C2","HiC_scaffold_2","Grassland","HIGH",108.51,4526739,2.39708982558968e-05,0.00427711
"EntNic_MSJ-C2","HiC_scaffold_2","Grassland","LOW",8207.35,4526739,0.00181308222099838,0.00427711
"EntNic_MSJ-C2","HiC_scaffold_2","Grassland","MODERATE",4959.17,4526739,0.00109552814951337,0.00427711
"EntNic_MSJ-C2","HiC_scaffold_3","Grassland","HIGH",168.04,3308027,5.07976506842296e-05,0.0124513
"EntNic_MSJ-C2","HiC_scaffold_3","Grassland","LOW",15584.4,3308027,0.00471108609452099,0.0124513
"EntNic_MSJ-C2","HiC_scaffold_3","Grassland","MODERATE",8891.45,3308027,0.00268784081871158,0.0124513
"EntNic_MSJ-C2","HiC_scaffold_4","Grassland","HIGH",130.64,3104538,4.20803353027085e-05,0.010845
"EntNic_MSJ-C2","HiC_scaffold_4","Grassland","LOW",12454.5,3104538,0.00401170802225645,0.010845
"EntNic_MSJ-C2","HiC_scaffold_4","Grassland","MODERATE",6184.08,3104538,0.00199194856046214,0.010845
"EntNic_MSJ-C2","HiC_scaffold_5","Grassland","HIGH",159.82,3625139,4.40865853695541e-05,0.0128374
"EntNic_MSJ-C2","HiC_scaffold_5","Grassland","LOW",17654.1,3625139,0.00486990981587189,0.0128374
"EntNic_MSJ-C2","HiC_scaffold_5","Grassland","MODERATE",9596.26,3625139,0.00264714263370315,0.0128374
"EntNic_MSJ-C2","HiC_scaffold_6","Grassland","HIGH",82.3,3073485,2.6777420420142e-05,0.0103297
"EntNic_MSJ-C2","HiC_scaffold_6","Grassland","LOW",13850,3073485,0.00450628521043701,0.0103297
"EntNic_MSJ-C2","HiC_scaffold_6","Grassland","MODERATE",5117.22,3073485,0.00166495688119513,0.0103297
"EntNic_MSJ-C2","HiC_scaffold_7","Grassland","HIGH",56.04,566456,9.89308966627593e-05,0.0161001
"EntNic_MSJ-C2","HiC_scaffold_7","Grassland","LOW",2326.62,566456,0.00410732695919895,0.0161001
"EntNic_MSJ-C2","HiC_scaffold_7","Grassland","MODERATE",1897.83,566456,0.00335035730930558,0.0161001
"EntNic_NOJ-C37","HiC_scaffold_1","Grassland","HIGH",385.75,5702686,6.7643563050815e-05,0.0166151
"EntNic_NOJ-C37","HiC_scaffold_1","Grassland","LOW",29850.6,5702686,0.00523448073416632,0.0166151
"EntNic_NOJ-C37","HiC_scaffold_1","Grassland","MODERATE",20037.6,5702686,0.00351371266101623,0.0166151
"EntNic_NOJ-C37","HiC_scaffold_2","Grassland","HIGH",117.38,4377514,2.68143060193525e-05,0.00403248
"EntNic_NOJ-C37","HiC_scaffold_2","Grassland","LOW",8413.47,4377514,0.00192197443571854,0.00403248
"EntNic_NOJ-C37","HiC_scaffold_2","Grassland","MODERATE",5110.78,4377514,0.0011675074026034,0.00403248
"EntNic_NOJ-C37","HiC_scaffold_3","Grassland","HIGH",217.28,3360441,6.46581802805049e-05,0.0134851
"EntNic_NOJ-C37","HiC_scaffold_3","Grassland","LOW",16757.2,3360441,0.00498660741253901,0.0134851
"EntNic_NOJ-C37","HiC_scaffold_3","Grassland","MODERATE",10259.8,3360441,0.00305311118391902,0.0134851
"EntNic_NOJ-C37","HiC_scaffold_4","Grassland","HIGH",115.36,2664544,4.32944623920641e-05,0.0118984
"EntNic_NOJ-C37","HiC_scaffold_4","Grassland","LOW",11839,2664544,0.00444316175675838,0.0118984
"EntNic_NOJ-C37","HiC_scaffold_4","Grassland","MODERATE",5888.56,2664544,0.0022099691354318,0.0118984
"EntNic_NOJ-C37","HiC_scaffold_5","Grassland","HIGH",182.91,3617394,5.05640248200777e-05,0.0135999
"EntNic_NOJ-C37","HiC_scaffold_5","Grassland","LOW",19761,3617394,0.00546277237149174,0.0135999
"EntNic_NOJ-C37","HiC_scaffold_5","Grassland","MODERATE",11148.5,3617394,0.00308191477068851,0.0135999
"EntNic_NOJ-C37","HiC_scaffold_6","Grassland","HIGH",81.91,2808570,2.91643078150091e-05,0.0118306
"EntNic_NOJ-C37","HiC_scaffold_6","Grassland","LOW",13046.1,2808570,0.00464510409211805,0.0118306
"EntNic_NOJ-C37","HiC_scaffold_6","Grassland","MODERATE",5191.62,2808570,0.00184849229323107,0.0118306
"EntNic_NOJ-C37","HiC_scaffold_7","Grassland","HIGH",64.13,592620,0.000108214370085384,0.0198923
"EntNic_NOJ-C37","HiC_scaffold_7","Grassland","LOW",2755.23,592620,0.0046492355978536,0.0198923
"EntNic_NOJ-C37","HiC_scaffold_7","Grassland","MODERATE",2245.44,592620,0.00378900475852992,0.0198923
"EntNic_RYJ-C139","HiC_scaffold_1","Grassland","HIGH",357.56,5719090,6.25204359434805e-05,0.0174327
"EntNic_RYJ-C139","HiC_scaffold_1","Grassland","LOW",30904.7,5719090,0.00540377927257658,0.0174327
"EntNic_RYJ-C139","HiC_scaffold_1","Grassland","MODERATE",19998.6,5719090,0.00349681505274441,0.0174327
"EntNic_RYJ-C139","HiC_scaffold_2","Grassland","HIGH",123.52,4339684,2.84629019071435e-05,0.00461842
"EntNic_RYJ-C139","HiC_scaffold_2","Grassland","LOW",8638.99,4339684,0.00199069563590344,0.00461842
"EntNic_RYJ-C139","HiC_scaffold_2","Grassland","MODERATE",5152.58,4339684,0.0011873168645459,0.00461842
"EntNic_RYJ-C139","HiC_scaffold_3","Grassland","HIGH",211.68,3510202,6.03042218083176e-05,0.0135237
"EntNic_RYJ-C139","HiC_scaffold_3","Grassland","LOW",17957.6,3510202,0.00511583094078346,0.0135237
"EntNic_RYJ-C139","HiC_scaffold_3","Grassland","MODERATE",10208.7,3510202,0.00290829416654654,0.0135237
"EntNic_RYJ-C139","HiC_scaffold_4","Grassland","HIGH",115.36,2963251,3.89302154964261e-05,0.0120287
"EntNic_RYJ-C139","HiC_scaffold_4","Grassland","LOW",13244.7,2963251,0.00446965174397984,0.0120287
"EntNic_RYJ-C139","HiC_scaffold_4","Grassland","MODERATE",6122.21,2963251,0.00206604502959756,0.0120287
"EntNic_RYJ-C139","HiC_scaffold_5","Grassland","HIGH",191.67,3900172,4.91439864703403e-05,0.0133874
"EntNic_RYJ-C139","HiC_scaffold_5","Grassland","LOW",20493.6,3900172,0.00525453749219265,0.0133874
"EntNic_RYJ-C139","HiC_scaffold_5","Grassland","MODERATE",11348.6,3900172,0.00290976910761884,0.0133874
"EntNic_RYJ-C139","HiC_scaffold_6","Grassland","HIGH",88.51,3247316,2.72563557103774e-05,0.011736
"EntNic_RYJ-C139","HiC_scaffold_6","Grassland","LOW",15022.8,3247316,0.00462622054644513,0.011736
"EntNic_RYJ-C139","HiC_scaffold_6","Grassland","MODERATE",5557.8,3247316,0.00171150574813169,0.011736
"EntNic_RYJ-C139","HiC_scaffold_7","Grassland","HIGH",71.42,575723,0.000124052712849756,0.0191911
"EntNic_RYJ-C139","HiC_scaffold_7","Grassland","LOW",2714.1,575723,0.00471424626078861,0.0191911
"EntNic_RYJ-C139","HiC_scaffold_7","Grassland","MODERATE",2187,575723,0.00379870180625058,0.0191911
"EntNic_SBJ-C52","HiC_scaffold_1","Grassland","HIGH",306.37,3590129,8.53367664504534e-05,0.0187522
"EntNic_SBJ-C52","HiC_scaffold_1","Grassland","LOW",19021.4,3590129,0.00529824972863092,0.0187522
"EntNic_SBJ-C52","HiC_scaffold_1","Grassland","MODERATE",14199.3,3590129,0.00395509464980228,0.0187522
"EntNic_SBJ-C52","HiC_scaffold_2","Grassland","HIGH",97.24,2014341,4.82738523417832e-05,0.00513026
"EntNic_SBJ-C52","HiC_scaffold_2","Grassland","LOW",4809.07,2014341,0.00238741603333299,0.00513026
"EntNic_SBJ-C52","HiC_scaffold_2","Grassland","MODERATE",3587.74,2014341,0.0017810986322574,0.00513026
"EntNic_SBJ-C52","HiC_scaffold_3","Grassland","HIGH",164.19,2137154,7.68264710919288e-05,0.0151901
"EntNic_SBJ-C52","HiC_scaffold_3","Grassland","LOW",11278.6,2137154,0.00527739227028094,0.0151901
"EntNic_SBJ-C52","HiC_scaffold_3","Grassland","MODERATE",7695.42,2137154,0.00360077935422529,0.0151901
"EntNic_SBJ-C52","HiC_scaffold_4","Grassland","HIGH",96.17,1348382,7.13225183961222e-05,0.0138598
"EntNic_SBJ-C52","HiC_scaffold_4","Grassland","LOW",6703.48,1348382,0.00497149917456626,0.0138598
"EntNic_SBJ-C52","HiC_scaffold_4","Grassland","MODERATE",3817.42,1348382,0.00283111165826895,0.0138598
"EntNic_SBJ-C52","HiC_scaffold_5","Grassland","HIGH",142.93,2066248,6.9173690670239e-05,0.0159556
"EntNic_SBJ-C52","HiC_scaffold_5","Grassland","LOW",12540.4,2066248,0.00606916497922805,0.0159556
"EntNic_SBJ-C52","HiC_scaffold_5","Grassland","MODERATE",7613.96,2066248,0.00368492068715856,0.0159556
"EntNic_SBJ-C52","HiC_scaffold_6","Grassland","HIGH",57.08,1166740,4.89226391483964e-05,0.0139637
"EntNic_SBJ-C52","HiC_scaffold_6","Grassland","LOW",5869.47,1166740,0.00503065807292113,0.0139637
"EntNic_SBJ-C52","HiC_scaffold_6","Grassland","MODERATE",2868.56,1166740,0.00245861117301198,0.0139637
"EntNic_SBJ-C52","HiC_scaffold_7","Grassland","HIGH",63.8,565995,0.000112721843832543,0.0186965
"EntNic_SBJ-C52","HiC_scaffold_7","Grassland","LOW",2524.87,565995,0.00446094046767198,0.0186965
"EntNic_SBJ-C52","HiC_scaffold_7","Grassland","MODERATE",2184.14,565995,0.00385893868320392,0.0186965
"EntNic_SHJ-C48","HiC_scaffold_1","Grassland","HIGH",301.08,4948981,6.08367661948995e-05,0.017812
"EntNic_SHJ-C48","HiC_scaffold_1","Grassland","LOW",27362.4,4948981,0.00552889574641729,0.017812
"EntNic_SHJ-C48","HiC_scaffold_1","Grassland","MODERATE",17294.9,4948981,0.00349463859327809,0.017812
"EntNic_SHJ-C48","HiC_scaffold_2","Grassland","HIGH",107.27,3593512,2.98510203945333e-05,0.00504931
"EntNic_SHJ-C48","HiC_scaffold_2","Grassland","LOW",7585.21,3593512,0.00211080692091748,0.00504931
"EntNic_SHJ-C48","HiC_scaffold_2","Grassland","MODERATE",4447.27,3593512,0.00123758317768245,0.00504931
"EntNic_SHJ-C48","HiC_scaffold_3","Grassland","HIGH",186.25,3029494,6.14789136403637e-05,0.0143602
"EntNic_SHJ-C48","HiC_scaffold_3","Grassland","LOW",15833.7,3029494,0.00522651637534189,0.0143602
"EntNic_SHJ-C48","HiC_scaffold_3","Grassland","MODERATE",9021.42,3029494,0.00297786363003195,0.0143602
"EntNic_SHJ-C48","HiC_scaffold_4","Grassland","HIGH",118.08,2660212,4.43874397980311e-05,0.0123902
"EntNic_SHJ-C48","HiC_scaffold_4","Grassland","LOW",11987,2660212,0.00450603185009315,0.0123902
"EntNic_SHJ-C48","HiC_scaffold_4","Grassland","MODERATE",5643.27,2660212,0.00212136100431093,0.0123902
"EntNic_SHJ-C48","HiC_scaffold_5","Grassland","HIGH",168.05,3374267,4.98034091552328e-05,0.0140439
"EntNic_SHJ-C48","HiC_scaffold_5","Grassland","LOW",18285,3374267,0.0054189546944566,0.0140439
"EntNic_SHJ-C48","HiC_scaffold_5","Grassland","MODERATE",9991.94,3374267,0.00296121794748311,0.0140439
"EntNic_SHJ-C48","HiC_scaffold_6","Grassland","HIGH",76.53,2795827,2.73729383112761e-05,0.0117516
"EntNic_SHJ-C48","HiC_scaffold_6","Grassland","LOW",13115,2795827,0.00469091971713557,0.0117516
"EntNic_SHJ-C48","HiC_scaffold_6","Grassland","MODERATE",4746.69,2795827,0.00169777672223639,0.0117516
"EntNic_SHJ-C48","HiC_scaffold_7","Grassland","HIGH",57.92,478708,0.000120992337709,0.0212182
"EntNic_SHJ-C48","HiC_scaffold_7","Grassland","LOW",2399.24,478708,0.00501190704980907,0.0212182
"EntNic_SHJ-C48","HiC_scaffold_7","Grassland","MODERATE",1922.29,478708,0.00401557943464492,0.0212182
"EntNic_SKJ-C16","HiC_scaffold_1","Grassland","HIGH",330.08,5607160,5.88675907232895e-05,0.0163075
"EntNic_SKJ-C16","HiC_scaffold_1","Grassland","LOW",30518.4,5607160,0.00544275533425121,0.0163075
"EntNic_SKJ-C16","HiC_scaffold_1","Grassland","MODERATE",19393.1,5607160,0.00345863146405667,0.0163075
"EntNic_SKJ-C16","HiC_scaffold_2","Grassland","HIGH",128.81,4567745,2.81999104590996e-05,0.00406316
"EntNic_SKJ-C16","HiC_scaffold_2","Grassland","LOW",8996.94,4567745,0.00196966774633873,0.00406316
"EntNic_SKJ-C16","HiC_scaffold_2","Grassland","MODERATE",5269.46,4567745,0.00115362394354326,0.00406316
"EntNic_SKJ-C16","HiC_scaffold_3","Grassland","HIGH",206,3421591,6.02059100576311e-05,0.0127511
"EntNic_SKJ-C16","HiC_scaffold_3","Grassland","LOW",17733.7,3421591,0.00518288129703404,0.0127511
"EntNic_SKJ-C16","HiC_scaffold_3","Grassland","MODERATE",10051.8,3421591,0.00293775614911309,0.0127511
"EntNic_SKJ-C16","HiC_scaffold_4","Grassland","HIGH",112.18,2925805,3.83415846237189e-05,0.0112789
"EntNic_SKJ-C16","HiC_scaffold_4","Grassland","LOW",13299.7,2925805,0.00454565495649915,0.0112789
"EntNic_SKJ-C16","HiC_scaffold_4","Grassland","MODERATE",6105.38,2925805,0.00208673510367232,0.0112789
"EntNic_SKJ-C16","HiC_scaffold_5","Grassland","HIGH",184.76,3836108,4.81633989449724e-05,0.0134539
"EntNic_SKJ-C16","HiC_scaffold_5","Grassland","LOW",20369,3836108,0.0053098087957899,0.0134539
"EntNic_SKJ-C16","HiC_scaffold_5","Grassland","MODERATE",11155,3836108,0.00290789518960363,0.0134539
"EntNic_SKJ-C16","HiC_scaffold_6","Grassland","HIGH",88,3252495,2.70561522769443e-05,0.0111173
"EntNic_SKJ-C16","HiC_scaffold_6","Grassland","LOW",15109.7,3252495,0.00464557209157893,0.0111173
"EntNic_SKJ-C16","HiC_scaffold_6","Grassland","MODERATE",5609.26,3252495,0.00172460219001105,0.0111173
"EntNic_SKJ-C16","HiC_scaffold_7","Grassland","HIGH",54.92,542420,0.000101249953910254,0.0189386
"EntNic_SKJ-C16","HiC_scaffold_7","Grassland","LOW",2474.21,542420,0.00456142841340659,0.0189386
"EntNic_SKJ-C16","HiC_scaffold_7","Grassland","MODERATE",1985.37,542420,0.00366020795693374,0.0189386
"EntNic_SKJ-C216","HiC_scaffold_1","Grassland","HIGH",335.68,5789939,5.7976431185199e-05,0.0163632
"EntNic_SKJ-C216","HiC_scaffold_1","Grassland","LOW",30825.7,5789939,0.00532401118561007,0.0163632
"EntNic_SKJ-C216","HiC_scaffold_1","Grassland","MODERATE",19590.2,5789939,0.00338348987787263,0.0163632
"EntNic_SKJ-C216","HiC_scaffold_2","Grassland","HIGH",109.91,4370816,2.51463342314113e-05,0.00393548
"EntNic_SKJ-C216","HiC_scaffold_2","Grassland","LOW",8414.65,4370816,0.00192518971285911,0.00393548
"EntNic_SKJ-C216","HiC_scaffold_2","Grassland","MODERATE",4773.2,4370816,0.0010920615280991,0.00393548
"EntNic_SKJ-C216","HiC_scaffold_3","Grassland","HIGH",198.54,3523991,5.63395309465887e-05,0.0130389
"EntNic_SKJ-C216","HiC_scaffold_3","Grassland","LOW",17960,3523991,0.00509649428730096,0.0130389
"EntNic_SKJ-C216","HiC_scaffold_3","Grassland","MODERATE",10186,3523991,0.00289047276227436,0.0130389
"EntNic_SKJ-C216","HiC_scaffold_4","Grassland","HIGH",111.01,2989068,3.71386666345496e-05,0.0116459
"EntNic_SKJ-C216","HiC_scaffold_4","Grassland","LOW",13377.9,2989068,0.00447560911963194,0.0116459
"EntNic_SKJ-C216","HiC_scaffold_4","Grassland","MODERATE",6144.92,2989068,0.00205579799455884,0.0116459
"EntNic_SKJ-C216","HiC_scaffold_5","Grassland","HIGH",184.98,3947747,4.68571060911451e-05,0.0135041
"EntNic_SKJ-C216","HiC_scaffold_5","Grassland","LOW",20579.6,3947747,0.0052129987053375,0.0135041
"EntNic_SKJ-C216","HiC_scaffold_5","Grassland","MODERATE",11269.1,3947747,0.00285456489486282,0.0135041
"EntNic_SKJ-C216","HiC_scaffold_6","Grassland","HIGH",91.93,3318597,2.77014654084241e-05,0.0113685
"EntNic_SKJ-C216","HiC_scaffold_6","Grassland","LOW",15224.2,3318597,0.00458754106027336,0.0113685
"EntNic_SKJ-C216","HiC_scaffold_6","Grassland","MODERATE",5618.68,3318597,0.00169308897705868,0.0113685
"EntNic_SKJ-C216","HiC_scaffold_7","Grassland","HIGH",56.06,538672,0.000104070751774735,0.0195203
"EntNic_SKJ-C216","HiC_scaffold_7","Grassland","LOW",2478.08,538672,0.00460035049157929,0.0195203
"EntNic_SKJ-C216","HiC_scaffold_7","Grassland","MODERATE",1926.07,538672,0.00357558959812279,0.0195203
"EntNic_STF-C266","HiC_scaffold_1","Grassland","HIGH",357.36,5765046,6.19873631537372e-05,0.0160687
"EntNic_STF-C266","HiC_scaffold_1","Grassland","LOW",31851.5,5765046,0.00552493423296189,0.0160687
"EntNic_STF-C266","HiC_scaffold_1","Grassland","MODERATE",20391,5765046,0.00353700560238375,0.0160687
"EntNic_STF-C266","HiC_scaffold_2","Grassland","HIGH",110.44,4673969,2.36287403703362e-05,0.00439998
"EntNic_STF-C266","HiC_scaffold_2","Grassland","LOW",8740.02,4673969,0.00186993538040154,0.00439998
"EntNic_STF-C266","HiC_scaffold_2","Grassland","MODERATE",5061.23,4673969,0.00108285484991449,0.00439998
"EntNic_STF-C266","HiC_scaffold_3","Grassland","HIGH",200.33,3491605,5.73747603179627e-05,0.012902
"EntNic_STF-C266","HiC_scaffold_3","Grassland","LOW",17812.5,3491605,0.00510152207938756,0.012902
"EntNic_STF-C266","HiC_scaffold_3","Grassland","MODERATE",10105.6,3491605,0.00289425636634155,0.012902
"EntNic_STF-C266","HiC_scaffold_4","Grassland","HIGH",119.72,2999052,3.99192811595131e-05,0.0112171
"EntNic_STF-C266","HiC_scaffold_4","Grassland","LOW",13538,2999052,0.00451409312009262,0.0112171
"EntNic_STF-C266","HiC_scaffold_4","Grassland","MODERATE",6299.35,2999052,0.00210044707460891,0.0112171
"EntNic_STF-C266","HiC_scaffold_5","Grassland","HIGH",197.65,3857548,5.12372107877854e-05,0.0138949
"EntNic_STF-C266","HiC_scaffold_5","Grassland","LOW",20823.1,3857548,0.00539801449003357,0.0138949
"EntNic_STF-C266","HiC_scaffold_5","Grassland","MODERATE",11466.7,3857548,0.00297253592178244,0.0138949
"EntNic_STF-C266","HiC_scaffold_6","Grassland","HIGH",91.08,3266232,2.78853431109609e-05,0.0113796
"EntNic_STF-C266","HiC_scaffold_6","Grassland","LOW",15253,3266232,0.00466990709784241,0.0113796
"EntNic_STF-C266","HiC_scaffold_6","Grassland","MODERATE",5537.75,3266232,0.00169545519118054,0.0113796
"EntNic_STF-C266","HiC_scaffold_7","Grassland","HIGH",66.98,570015,0.000117505679675096,0.0184829
"EntNic_STF-C266","HiC_scaffold_7","Grassland","LOW",2602.35,570015,0.00456540617352175,0.0184829
"EntNic_STF-C266","HiC_scaffold_7","Grassland","MODERATE",2150.29,570015,0.00377233932440374,0.0184829
"EntNic_ULJ-C60","HiC_scaffold_1","Grassland","HIGH",356.33,5789473,6.15479163647537e-05,0.0167514
"EntNic_ULJ-C60","HiC_scaffold_1","Grassland","LOW",29621.1,5789473,0.00511637242284401,0.0167514
"EntNic_ULJ-C60","HiC_scaffold_1","Grassland","MODERATE",19506.4,5789473,0.00336928767091582,0.0167514
"EntNic_ULJ-C60","HiC_scaffold_2","Grassland","HIGH",119.43,4424925,2.69902879709826e-05,0.00429637
"EntNic_ULJ-C60","HiC_scaffold_2","Grassland","LOW",8531.4,4424925,0.00192803267851997,0.00429637
"EntNic_ULJ-C60","HiC_scaffold_2","Grassland","MODERATE",5017.58,4424925,0.00113393560342831,0.00429637
"EntNic_ULJ-C60","HiC_scaffold_3","Grassland","HIGH",211.13,3399674,6.21030134065796e-05,0.013595
"EntNic_ULJ-C60","HiC_scaffold_3","Grassland","LOW",17071.1,3399674,0.0050213932277036,0.013595
"EntNic_ULJ-C60","HiC_scaffold_3","Grassland","MODERATE",9900.13,3399674,0.00291208215846578,0.013595
"EntNic_ULJ-C60","HiC_scaffold_4","Grassland","HIGH",113.24,2806146,4.03542794993561e-05,0.0117546
"EntNic_ULJ-C60","HiC_scaffold_4","Grassland","LOW",12518.9,2806146,0.00446124328527454,0.0117546
"EntNic_ULJ-C60","HiC_scaffold_4","Grassland","MODERATE",5947.51,2806146,0.00211945850287191,0.0117546
"EntNic_ULJ-C60","HiC_scaffold_5","Grassland","HIGH",184.75,3746514,4.93125075737072e-05,0.0144183
"EntNic_ULJ-C60","HiC_scaffold_5","Grassland","LOW",19907.9,3746514,0.00531371296090179,0.0144183
"EntNic_ULJ-C60","HiC_scaffold_5","Grassland","MODERATE",11036.8,3746514,0.00294588516151281,0.0144183
"EntNic_ULJ-C60","HiC_scaffold_6","Grassland","HIGH",88.97,2989934,2.97565096754644e-05,0.0120622
"EntNic_ULJ-C60","HiC_scaffold_6","Grassland","LOW",13797.3,2989934,0.00461458346572199,0.0120622
"EntNic_ULJ-C60","HiC_scaffold_6","Grassland","MODERATE",5268.87,2989934,0.00176220277772018,0.0120622
"EntNic_ULJ-C60","HiC_scaffold_7","Grassland","HIGH",61.68,573257,0.000107595720593032,0.0193331
"EntNic_ULJ-C60","HiC_scaffold_7","Grassland","LOW",2586.54,573257,0.0045120077033512,0.0193331
"EntNic_ULJ-C60","HiC_scaffold_7","Grassland","MODERATE",2087.12,573257,0.00364081031718758,0.0193331
"EntNic_UTJ-C22","HiC_scaffold_1","Grassland","HIGH",367.19,5602628,6.55388863940279e-05,0.0172293
"EntNic_UTJ-C22","HiC_scaffold_1","Grassland","LOW",30518.1,5602628,0.00544710446597561,0.0172293
"EntNic_UTJ-C22","HiC_scaffold_1","Grassland","MODERATE",19708.2,5602628,0.00351767063599439,0.0172293
"EntNic_UTJ-C22","HiC_scaffold_2","Grassland","HIGH",111.29,4219847,2.63729940919659e-05,0.00449942
"EntNic_UTJ-C22","HiC_scaffold_2","Grassland","LOW",7954.41,4219847,0.00188499962202421,0.00449942
"EntNic_UTJ-C22","HiC_scaffold_2","Grassland","MODERATE",4704.18,4219847,0.00111477501435479,0.00449942
"EntNic_UTJ-C22","HiC_scaffold_3","Grassland","HIGH",200.3,3418917,5.85858036331388e-05,0.0139714
"EntNic_UTJ-C22","HiC_scaffold_3","Grassland","LOW",17059.1,3418917,0.00498962098231691,0.0139714
"EntNic_UTJ-C22","HiC_scaffold_3","Grassland","MODERATE",9773.33,3418917,0.00285860405502678,0.0139714
"EntNic_UTJ-C22","HiC_scaffold_4","Grassland","HIGH",114.52,2913775,3.93029660835171e-05,0.0120663
"EntNic_UTJ-C22","HiC_scaffold_4","Grassland","LOW",12925.7,2913775,0.00443606661461506,0.0120663
"EntNic_UTJ-C22","HiC_scaffold_4","Grassland","MODERATE",6021.22,2913775,0.00206646704017984,0.0120663
"EntNic_UTJ-C22","HiC_scaffold_5","Grassland","HIGH",175.84,3744423,4.69605063316831e-05,0.0144911
"EntNic_UTJ-C22","HiC_scaffold_5","Grassland","LOW",19892,3744423,0.00531243398515606,0.0144911
"EntNic_UTJ-C22","HiC_scaffold_5","Grassland","MODERATE",10994.8,3744423,0.00293631355218147,0.0144911
"EntNic_UTJ-C22","HiC_scaffold_6","Grassland","HIGH",85.99,3154954,2.7255547941428e-05,0.0115081
"EntNic_UTJ-C22","HiC_scaffold_6","Grassland","LOW",14587.6,3154954,0.00462371242179759,0.0115081
"EntNic_UTJ-C22","HiC_scaffold_6","Grassland","MODERATE",5382.59,3154954,0.00170607558778987,0.0115081
"EntNic_UTJ-C22","HiC_scaffold_7","Grassland","HIGH",66.64,544575,0.000122370656016159,0.0204046
"EntNic_UTJ-C22","HiC_scaffold_7","Grassland","LOW",2608.96,544575,0.00479081852821007,0.0204046
"EntNic_UTJ-C22","HiC_scaffold_7","Grassland","MODERATE",2066.72,544575,0.00379510627553597,0.0204046
"EntNic_VAJ-C24","HiC_scaffold_1","Grassland","HIGH",212.75,3173015,6.70497933353609e-05,0.0169958
"EntNic_VAJ-C24","HiC_scaffold_1","Grassland","LOW",17789.1,3173015,0.00560637122736577,0.0169958
"EntNic_VAJ-C24","HiC_scaffold_1","Grassland","MODERATE",11369.3,3173015,0.00358312204638175,0.0169958
"EntNic_VAJ-C24","HiC_scaffold_2","Grassland","HIGH",81.05,2287669,3.54290764966435e-05,0.00578646
"EntNic_VAJ-C24","HiC_scaffold_2","Grassland","LOW",5591.21,2287669,0.00244406424181121,0.00578646
"EntNic_VAJ-C24","HiC_scaffold_2","Grassland","MODERATE",3214.41,2287669,0.0014051027486931,0.00578646
"EntNic_VAJ-C24","HiC_scaffold_3","Grassland","HIGH",120.61,1915584,6.29625221342421e-05,0.0139233
"EntNic_VAJ-C24","HiC_scaffold_3","Grassland","LOW",10471.1,1915584,0.00546627033844509,0.0139233
"EntNic_VAJ-C24","HiC_scaffold_3","Grassland","MODERATE",5876.71,1915584,0.0030678424960743,0.0139233
"EntNic_VAJ-C24","HiC_scaffold_4","Grassland","HIGH",77.68,1698060,4.57463222736535e-05,0.0118962
"EntNic_VAJ-C24","HiC_scaffold_4","Grassland","LOW",8083.3,1698060,0.0047603147120832,0.0118962
"EntNic_VAJ-C24","HiC_scaffold_4","Grassland","MODERATE",3666.64,1698060,0.00215931121397359,0.0118962
"EntNic_VAJ-C24","HiC_scaffold_5","Grassland","HIGH",114.35,2112556,5.41287426226808e-05,0.013148
"EntNic_VAJ-C24","HiC_scaffold_5","Grassland","LOW",11393,2112556,0.00539299313248974,0.013148
"EntNic_VAJ-C24","HiC_scaffold_5","Grassland","MODERATE",6386.54,2112556,0.00302313406129826,0.013148
"EntNic_VAJ-C24","HiC_scaffold_6","Grassland","HIGH",54.37,1878785,2.89389153096283e-05,0.0113944
"EntNic_VAJ-C24","HiC_scaffold_6","Grassland","LOW",8957.56,1878785,0.00476774085379647,0.0113944
"EntNic_VAJ-C24","HiC_scaffold_6","Grassland","MODERATE",3196.72,1878785,0.00170148260711045,0.0113944
"EntNic_VAJ-C24","HiC_scaffold_7","Grassland","HIGH",51.5,315667,0.000163146607025758,0.0243599
"EntNic_VAJ-C24","HiC_scaffold_7","Grassland","LOW",1706.27,315667,0.00540528468290952,0.0243599
"EntNic_VAJ-C24","HiC_scaffold_7","Grassland","MODERATE",1408.63,315667,0.0044623923311591,0.0243599
